id,image_name
1,91
2,93
3,104
4,114
5,120
6,124
7,125
8,128
9,129
10,143
11,158
12,159
13,168
14,169
15,179
16,192
17,201
18,217
19,218
20,222
21,239
22,252
23,256
24,261
25,266
26,267
27,269
28,276
29,281
30,311
31,327
32,339
33,345
34,362
35,365
36,368
37,373
38,374
39,381
40,382
41,387
42,390
43,398
44,405
45,438
46,443
47,451
48,453
49,459
50,461
51,469
52,494
53,495
54,504
55,505
56,508
57,513
58,516
59,526
60,528
61,533
62,538
63,546
64,552
65,566
66,570
67,571
68,576
69,585
70,586
71,587
72,591
73,597
74,599
75,618
76,628
77,630
78,632
79,655
80,672
81,679
82,684
83,695
84,704
85,710
86,724
87,1038
88,1044
89,1046
90,1047
91,1048
92,1052
93,1059
94,1064
95,1065
96,1066
97,1075
98,1082
99,1092
100,1094
101,1105
102,1109
103,1110
104,1112
105,1115
106,1126
107,1161
108,1167
109,1176
110,1177
111,1178
112,1181
113,1189
114,1197
115,1206
116,1209
117,1230
118,1240
119,1245
120,1292
121,1308
122,1313
123,1316
124,1323
125,1331
126,1333
127,BUSI_0001
128,BUSI_0004
129,BUSI_0061
130,BUSI_0064
131,BUSI_0071
132,BUSI_0088
133,BUSI_0091
134,BUSI_0094
135,BUSI_0212
136,BUSI_0260
137,BUSI_0261
138,BUSI_0278
139,BUSI_0298
140,BUSI_0318
141,BUSI_0329
142,BUSI_0333
143,BUSI_0345
144,BUSI_0405
145,BUSI_0422
146,BUSI_0445
147,BUSI_0456
148,BUSI_0459
149,BUSI_0490
150,BUSI_0497
151,BUSI_0502
152,BUSI_0523
153,BUSI_0526
154,BUSI_0532
155,BUSI_0536
156,BUSI_0538
157,BUSI_0542
158,BUSI_0548
159,BUSI_0553
160,BUSI_0558
161,BUSI_0560
162,BUSI_0563
163,BUSI_0570
164,BUSI_0571
165,BUSI_0578
166,BUSI_0598
167,BUSI_0602
168,BUSI_0611
169,BUSI_0631
170,BUSI_0634
171,BUSI_0636
172,fou_0001
173,fou_0004
174,fou_0007
175,fou_0009
176,fou_0017
177,fou_0025
178,fou_0030
179,fou_0031
180,fou_0039
181,fou_0057
182,fou_0063
183,fou_0066
184,fou_0105
185,fou_0106
186,fou_0108
187,fou_0110
188,fou_0113
189,fou_0114
190,fou_0122
191,fou_0125
192,fou_0129
193,fou_0131
194,fou_0134
195,fou_0146
196,fou_0152
197,fou_0159
198,fou_0160
199,fou_0167
200,fou_0172
201,fou_0179
202,fou_0180
203,fou_0185
204,hcjz_benigh_0001_0002
205,hcjz_benigh_0002_0001
206,hcjz_benigh_0002_0009
207,hcjz_benigh_0002_0027
208,hcjz_benigh_0006_0003
209,hcjz_benigh_0008_0028
210,hcjz_benigh_0017_0017
211,hcjz_benigh_0020_0005
212,hcjz_benigh_0027_0008
213,hcjz_benigh_0036_0001
214,hcjz_benigh_0036_0010
215,hcjz_benigh_0044_0007
216,hcjz_benigh_0044_0010
217,hcjz_benigh_0052_0001
218,hcjz_benigh_0059_0002
219,hcjz_benigh_0060_0016
220,hcjz_benigh_0067_0005
221,hcjz_benigh_0068_0003
222,hcjz_benigh_0069_0001
223,hcjz_benigh_0073_0002
224,hcjz_benigh_0076_0001
225,hcjz_benigh_0081_0001
226,hcjz_benigh_0085_0001
227,hcjz_benigh_0086_0007
228,hcjz_benigh_0091_0001
229,hcjz_benigh_0092_0004
230,hcjz_benigh_0099_0005
231,hcjz_benigh_0104_0004
232,hcjz_benigh_0105_0003
233,hcjz_benigh_0119_0002
234,hcjz_benigh_0121_0010
235,hcjz_benigh_0125_0022
236,hcjz_benigh_0130_0003
237,hcjz_benigh_0139_0001
238,hcjz_benigh_0141_0003
239,hcjz_benigh_0145_0009
240,hcjz_benigh_0154_0002
241,hcjz_benigh_0154_0009
242,hcjz_benigh_0161_0004
243,hcjz_benigh_0162_0005
244,hcjz_benigh_0170_0004
245,hcjz_benigh_0172_0020
246,hcjz_benigh_0187_0001
247,hcjz_benigh_0190_0006
248,hcjz_benigh_0191_0002
249,hcjz_benigh_0191_0004
250,hcjz_benigh_0194_0005
251,hcjz_benigh_0201_0016
252,hcjz_benigh_0202_0004
253,hcjz_benigh_0203_0004
254,hcjz_benigh_0210_0002
255,hcjz_benigh_0211_0001
256,hcjz_benigh_0212_0002
257,hcjz_benigh_0221_0006
258,hcjz_benigh_0225_0002
259,hcjz_benigh_0225_0004
260,hcjz_benigh_0235_0001
261,hcjz_benigh_0238_0003
262,hcjz_benigh_0239_0001
263,hcjz_benigh_0245_0002
264,hcjz_benigh_0248_0010
265,hcjz_benigh_0255_0001
266,hcjz_benigh_0256_0001
267,hcjz_benigh_0256_0009
268,hcjz_benigh_0264_0001
269,hcjz_benigh_0264_0003
270,hcjz_benigh_0265_0003
271,hcjz_benigh_0268_0005
272,hcjz_benigh_0270_0005
273,hcjz_benigh_0271_0013
274,hcjz_benigh_0272_0010
275,hcjz_benigh_0274_0014
276,hcjz_benigh_0279_0003
277,hcjz_benigh_0279_0007
278,hcjz_benigh_0281_0002
279,hcjz_benigh_0292_0010
280,hcjz_benigh_0303_0001
281,hcjz_benigh_0303_0003
282,hcjz_benigh_0311_0001
283,hcjz_benigh_0316_0001
284,hcjz_benigh_0326_0005
285,hcjz_benigh_0327_0004
286,hcjz_benigh_0333_0004
287,hcjz_benigh_0343_0002
288,hcjz_benigh_0354_0003
289,hcjz_benigh_0354_0004
290,hcjz_benigh_0361_0003
291,hcjz_benigh_0364_0010
292,hcjz_benigh_0372_0001
293,hcjz_benigh_0373_0001
294,hcjz_benigh_0391_0003
295,hcjz_benigh_0394_0003
296,hcjz_benigh_0401_0004
297,hcjz_benigh_0411_0003
298,hcjz_benigh_0427_0006
299,hcjz_benigh_0441_0003
300,hcjz_benigh_0444_0001
301,hcjz_benigh_0445_0001
302,hcjz_benigh_0446_0001
303,hcjz_benigh_0461_0002
304,hcjz_benigh_0461_0005
305,hcjz_benigh_0462_0004
306,hcjz_benigh_0463_0006
307,hcjz_benigh_0476_0005
308,hcjz_benigh_0481_0008
309,hcjz_benigh_0481_0010
310,hcjz_benigh_0481_0015
311,hcjz_benigh_0491_0004
312,hcjz_benigh_0493_0003
313,hcjz_benigh_0504_0002
314,hcjz_benigh_0504_0015
315,hcjz_benigh_0507_0007
316,hcjz_benigh_0509_0008
317,hcjz_benigh_0514_0002
318,hcjz_benigh_0521_0004
319,hcjz_benigh_0527_0007
320,hcjz_benigh_0532_0001
321,hcjz_benigh_0535_0006
322,hcjz_benigh_0536_0001
323,hcjz_benigh_0541_0004
324,hcjz_benigh_0558_0021
325,hcjz_benigh_0564_0013
326,hcjz_benigh_0564_0016
327,hcjz_benigh_0569_0012
328,hcjz_benigh_0573_0005
329,hcjz_benigh_0575_0007
330,hcjz_benigh_0583_0003
331,hcjz_benigh_0583_0011
332,hcjz_benigh_0585_0007
333,hcjz_benigh_0589_0009
334,hcjz_benigh_0593_0002
335,hcjz_benigh_0593_0004
336,hcjz_benigh_0598_0002
337,hcjz_benigh_0605_0022
338,hcjz_benigh_0607_0001
339,hcjz_benigh_0609_0001
340,hcjz_benigh_0611_0004
341,hcjz_benigh_0615_0004
342,hcjz_benigh_0626_0005
343,hcjz_benigh_0630_0006
344,hcjz_benigh_0630_0009
345,hcjz_benigh_0632_0005
346,hcjz_benigh_0637_0007
347,hcjz_benigh_0637_0010
348,hcjz_benigh_0640_0024
349,hcjz_benigh_0640_0037
350,hcjz_benigh_0643_0001
351,hcjz_benigh_0644_0001
352,hcjz_benigh_0649_0002
353,hcjz_benigh_0652_0004
354,hcjz_benigh_0653_0001
355,hcjz_benigh_0654_0002
356,hcjz_benigh_0656_0003
357,hcjz_benigh_0661_0003
358,hcjz_benigh_0662_0001
359,hcjz_benigh_0662_0003
360,hcjz_benigh_0665_0001
361,hcjz_benigh_0681_0013
362,hcjz_benigh_0687_0002
363,hcjz_benigh_0687_0003
364,hcjz_benigh_0687_0009
365,hcjz_benigh_0687_0012
366,hcjz_benigh_0689_0003
367,hcjz_benigh_0693_0002
368,hcjz_benigh_0695_0001
369,hcjz_benigh_0696_0005
370,hcjz_benigh_0697_0007
371,hcjz_benigh_0710_0007
372,hcjz_benigh_0710_0035
373,hcjz_benigh_0710_0039
374,hcjz_benigh_0713_0010
375,hcjz_benigh_0716_0001
376,hcjz_benigh_0717_0004
377,hcjz_benigh_0717_0014
378,hcjz_benigh_0718_0012
379,hcjz_benigh_0718_0014
380,hcjz_benigh_0721_0032
381,hcjz_benigh_0721_0042
382,hcjz_benigh_0729_0003
383,hcjz_benigh_0729_0005
384,hcjz_benigh_0732_0013
385,hcjz_benigh_0735_0016
386,hcjz_benigh_0738_0008
387,hcjz_benigh_0741_0013
388,hcjz_benigh_0744_0001
389,hcjz_benigh_0748_0011
390,hcjz_benigh_0761_0001
391,hcjz_benigh_0769_0002
392,hcjz_birads2_0001_0003
393,hcjz_birads2_0002_0009
394,hcjz_birads2_0002_0011
395,hcjz_birads2_0003_0003
396,hcjz_birads2_0008_0003
397,hcjz_birads2_0010_0017
398,hcjz_birads2_0014_0003
399,hcjz_birads2_0016_0001
400,hcjz_birads2_0017_0003
401,hcjz_birads2_0018_0006
402,hcjz_birads2_0019_0002
403,hcjz_birads2_0020_0001
404,hcjz_birads2_0020_0005
405,hcjz_birads2_0021_0003
406,hcjz_birads2_0021_0019
407,hcjz_birads2_0023_0009
408,hcjz_birads2_0028_0010
409,hcjz_birads2_0032_0006
410,hcjz_birads2_0032_0018
411,hcjz_birads2_0042_0001
412,hcjz_birads2_0048_0004
413,hcjz_birads2_0053_0002
414,hcjz_birads2_0060_0003
415,hcjz_birads2_0071_0005
416,hcjz_birads2_0076_0001
417,hcjz_birads2_0092_0004
418,hcjz_birads2_0101_0002
419,hcjz_birads2_0104_0003
420,hcjz_birads2_0123_0005
421,hcjz_birads2_0124_0008
422,hcjz_birads2_0126_0001
423,hcjz_birads2_0126_0004
424,hcjz_birads2_0128_0004
425,hcjz_birads2_0134_0001
426,hcjz_birads2_0137_0001
427,hcjz_birads2_0141_0004
428,hcjz_birads2_0148_0008
429,hcjz_birads2_0148_0022
430,hcjz_birads2_0149_0001
431,hcjz_birads2_0150_0006
432,hcjz_birads2_0151_0004
433,hcjz_birads2_0152_0007
434,hcjz_birads2_0157_0001
435,hcjz_birads2_0158_0003
436,hcjz_birads2_0159_0011
437,hcjz_birads2_0163_0005
438,hcjz_birads2_0163_0010
439,hcjz_birads2_0170_0003
440,hcjz_birads2_0176_0001
441,hcjz_birads2_0179_0006
442,hcjz_birads2_0179_0009
443,hcjz_birads2_0186_0004
444,hcjz_birads2_0190_0002
445,hcjz_birads2_0198_0002
446,hcjz_birads2_0203_0001
447,hcjz_birads2_0211_0003
448,hcjz_birads2_0213_0007
449,hcjz_birads2_0219_0001
450,hcjz_birads2_0230_0001
451,hcjz_birads2_0244_0003
452,hcjz_birads2_0246_0007
453,hcjz_birads2_0247_0022
454,hcjz_birads2_0249_0003
455,hcjz_birads2_0251_0001
456,hcjz_birads2_0254_0010
457,hcjz_birads2_0256_0003
458,hcjz_birads2_0257_0015
459,hcjz_birads2_0267_0010
460,hcjz_birads2_0268_0002
461,hcjz_birads2_0271_0001
462,hcjz_birads2_0277_0001
463,hcjz_birads2_0288_0004
464,hcjz_birads2_0289_0006
465,hcjz_birads2_0291_0006
466,hcjz_birads2_0292_0006
467,hcjz_birads2_0304_0004
468,hcjz_birads2_0308_0006
469,hcjz_birads2_0312_0003
470,hcjz_birads2_0320_0003
471,hcjz_birads2_0325_0001
472,hcjz_birads2_0340_0001
473,hcjz_birads2_0353_0001
474,hcjz_birads2_0361_0003
475,hcjz_birads3_0006_0004
476,hcjz_birads3_0014_0003
477,hcjz_birads3_0016_0007
478,hcjz_birads3_0020_0001
479,hcjz_birads3_0026_0001
480,hcjz_birads3_0027_0003
481,hcjz_birads3_0027_0007
482,hcjz_birads3_0027_0015
483,hcjz_birads3_0027_0017
484,hcjz_birads3_0030_0008
485,hcjz_birads3_0030_0026
486,hcjz_birads3_0031_0001
487,hcjz_birads3_0033_0002
488,hcjz_birads3_0038_0019
489,hcjz_birads3_0039_0003
490,hcjz_birads3_0040_0006
491,hcjz_birads3_0042_0005
492,hcjz_birads3_0047_0001
493,hcjz_birads3_0051_0008
494,hcjz_birads3_0055_0006
495,hcjz_birads3_0056_0002
496,hcjz_birads3_0056_0008
497,hcjz_birads3_0057_0001
498,hcjz_birads3_0058_0002
499,hcjz_birads3_0065_0005
500,hcjz_birads3_0066_0002
501,hcjz_birads3_0068_0002
502,hcjz_birads3_0068_0005
503,hcjz_birads3_0070_0010
504,hcjz_birads3_0074_0008
505,hcjz_birads3_0076_0005
506,hcjz_birads3_0076_0008
507,hcjz_birads3_0081_0007
508,hcjz_birads3_0087_0001
509,hcjz_birads3_0093_0007
510,hcjz_birads3_0093_0010
511,hcjz_birads3_0094_0001
512,hcjz_birads3_0094_0010
513,hcjz_birads3_01001_0009
514,hcjz_birads3_01001_0016
515,hcjz_birads3_01002_0013
516,hcjz_birads3_01003_0001
517,hcjz_birads3_01003_0002
518,hcjz_birads3_01004_0006
519,hcjz_birads3_01005_0005
520,hcjz_birads3_01006_0001
521,hcjz_birads3_01007_0002
522,hcjz_birads3_01009_0003
523,hcjz_birads3_0100_0004
524,hcjz_birads3_01014_0005
525,hcjz_birads3_01019_0006
526,hcjz_birads3_01019_0011
527,hcjz_birads3_0102_0001
528,hcjz_birads3_01035_0005
529,hcjz_birads3_01041_0004
530,hcjz_birads3_01045_0001
531,hcjz_birads3_01046_0003
532,hcjz_birads3_01047_0002
533,hcjz_birads3_01047_0005
534,hcjz_birads3_01050_0001
535,hcjz_birads3_01050_0023
536,hcjz_birads3_01050_0136
537,hcjz_birads3_0105_0035
538,hcjz_birads3_01060_0006
539,hcjz_birads3_01064_0014
540,hcjz_birads3_01071_0023
541,hcjz_birads3_01072_0005
542,hcjz_birads3_01073_0013
543,hcjz_birads3_01075_0001
544,hcjz_birads3_01075_0006
545,hcjz_birads3_01077_0004
546,hcjz_birads3_0107_0001
547,hcjz_birads3_01086_0003
548,hcjz_birads3_01089_0003
549,hcjz_birads3_0108_0001
550,hcjz_birads3_0108_0002
551,hcjz_birads3_0108_0010
552,hcjz_birads3_01096_0009
553,hcjz_birads3_0109_0001
554,hcjz_birads3_01101_0006
555,hcjz_birads3_01101_0014
556,hcjz_birads3_01105_0001
557,hcjz_birads3_0110_0001
558,hcjz_birads3_01111_0011
559,hcjz_birads3_01112_0011
560,hcjz_birads3_01123_0004
561,hcjz_birads3_01127_0002
562,hcjz_birads3_01127_0004
563,hcjz_birads3_01132_0005
564,hcjz_birads3_01133_0005
565,hcjz_birads3_01142_0003
566,hcjz_birads3_01143_0003
567,hcjz_birads3_01148_0002
568,hcjz_birads3_01149_0002
569,hcjz_birads3_01151_0003
570,hcjz_birads3_01151_0004
571,hcjz_birads3_01157_0009
572,hcjz_birads3_01161_0001
573,hcjz_birads3_01161_0006
574,hcjz_birads3_01164_0002
575,hcjz_birads3_01165_0006
576,hcjz_birads3_01167_0003
577,hcjz_birads3_01168_0003
578,hcjz_birads3_01169_0019
579,hcjz_birads3_01176_0031
580,hcjz_birads3_0117_0003
581,hcjz_birads3_0117_0009
582,hcjz_birads3_01188_0002
583,hcjz_birads3_01188_0005
584,hcjz_birads3_0118_0001
585,hcjz_birads3_01191_0001
586,hcjz_birads3_01193_0005
587,hcjz_birads3_0119_0011
588,hcjz_birads3_01204_0003
589,hcjz_birads4B_0004_0009
590,hcjz_birads4B_0006_0006
591,hcjz_birads4B_0006_0007
592,hcjz_birads4B_0019_0001
593,hcjz_birads4B_0020_0003
594,hcjz_birads4B_0020_0011
595,hcjz_birads4B_0021_0002
596,hcjz_birads4B_0023_0002
597,hcjz_birads4B_0031_0001
598,hcjz_birads4B_0032_0012
599,hcjz_birads4B_0033_0003
600,hcjz_birads4B_0044_0007
601,hcjz_birads4B_0053_0005
602,hcjz_birads4B_0055_0013
603,hcjz_birads4B_0055_0017
604,hcjz_birads4B_0060_0005
605,hcjz_birads4B_0065_0014
606,hcjz_birads4B_0067_0017
607,hcjz_birads4B_0074_0004
608,hcjz_birads4B_0075_0011
609,hcjz_birads4B_0076_0011
610,hcjz_birads4B_0076_0039
611,hcjz_birads4B_0093_0005
612,hcjz_birads4B_0096_0002
613,hcjz_birads4B_0097_0011
614,hcjz_birads4B_0099_0011
615,hcjz_birads4B_0101_0008
616,hcjz_birads4B_0101_0009
617,hcjz_birads4B_0110_0001
618,hcjz_birads4B_0110_0002
619,hcjz_birads4B_0110_0010
620,hcjz_birads4B_0117_0001
621,hcjz_birads4B_0122_0007
622,hcjz_birads4B_0123_0007
623,hcjz_birads4B_0127_0001
624,hcjz_birads4B_0129_0001
625,hcjz_birads4B_0129_0011
626,hcjz_birads4B_0132_0007
627,hcjz_birads4B_0135_0007
628,hcjz_birads4B_0144_0012
629,hcjz_birads4B_0146_0006
630,hcjz_birads4B_0151_0002
631,hcjz_birads4B_0153_0002
632,hcjz_birads4B_0156_0011
633,hcjz_birads4B_0162_0006
634,hcjz_birads4B_0163_0024
635,hcjz_birads4B_0163_0027
636,hcjz_birads4B_0166_0034
637,hcjz_birads4B_0167_0004
638,hcjz_birads4B_0167_0012
639,hcjz_birads4B_0167_0014
640,hcjz_birads4B_0171_0002
641,hcjz_birads4B_0176_0009
642,hcjz_birads4B_0176_0013
643,hcjz_birads4C_0002_0012
644,hcjz_birads4C_0006_0008
645,hcjz_birads4C_0011_0006
646,hcjz_birads4C_0013_0015
647,hcjz_birads4C_0020_0022
648,hcjz_birads4C_0023_0009
649,hcjz_birads4C_0025_0018
650,hcjz_birads4C_0026_0005
651,hcjz_birads4C_0030_0006
652,hcjz_birads4C_0033_0002
653,hcjz_birads4C_0034_0011
654,hcjz_birads4C_0035_0001
655,hcjz_birads4C_0035_0014
656,hcjz_birads4C_0037_0013
657,hcjz_birads4C_0039_0008
658,hcjz_birads4C_0039_0010
659,hcjz_birads4C_0040_0006
660,hcjz_birads4C_0040_0008
661,hcjz_birads4C_0044_0010
662,hcjz_birads4C_0044_0013
663,hcjz_birads4C_0045_0007
664,hcjz_birads4C_0046_0002
665,hcjz_birads4C_0046_0010
666,hcjz_birads4C_0048_0008
667,hcjz_birads4C_0049_0009
668,hcjz_birads4C_0051_0004
669,hcjz_birads4C_0051_0013
670,hcjz_birads4C_0055_0008
671,hcjz_birads4C_0057_0013
672,hcjz_birads4C_0065_0002
673,hcjz_birads4C_0066_0007
674,hcjz_birads4C_0076_0010
675,hcjz_birads4C_0078_0007
676,hcjz_birads5_0002_0013
677,hcjz_birads5_0005_0008
678,hcjz_birads5_0007_0017
679,hcjz_birads5_0011_0012
680,hcjz_birads5_0011_0026
681,hcjz_birads5_0012_0011
682,hcjz_birads5_0014_0012
683,hcjz_birads5_0017_0008
684,hcjz_birads5_0018_0006
685,hcjz_birads5_0018_0023
686,hcjz_birads5_0021_0002
687,hcjz_birads5_0024_0044
688,hcjz_birads5_0031_0019
689,hcjz_birads5_0031_0091
690,hcjz_birads5_0034_0012
691,hcjz_birads5_0035_0014
692,hcjz_birads5_0041_0001
693,hcjz_birads5_0041_0007
694,hcjz_birads5_0048_0011
695,hcjz_birads5_0048_0013
696,hcjz_birads5_0051_0001
697,hcjz_birads5_0051_0008
698,hcjz_birads5_0051_0012
699,hcjz_malignant_0013_0001
700,hcjz_malignant_0014_0006
701,hcjz_malignant_0017_0003
702,hcjz_malignant_0017_0004
703,hcjz_malignant_0017_0011
704,hcjz_malignant_0017_0017
705,hcjz_malignant_0017_0019
706,hcjz_malignant_0018_0011
707,hcjz_malignant_0020_0009
708,hcjz_malignant_0021_0004
709,hcjz_malignant_0023_0008
710,hcjz_malignant_0030_0003
711,hcjz_malignant_0040_0022
712,hcjz_malignant_0043_0007
713,hcjz_malignant_0044_0001
714,hcjz_malignant_0045_0001
715,hcjz_malignant_0049_0001
716,hcjz_malignant_0055_0001
717,hcjz_malignant_0057_0001
718,hcjz_malignant_0057_0004
719,hcjz_malignant_0065_0039
720,hcjz_malignant_0070_0010
721,hcjz_malignant_0072_0001
722,hcjz_malignant_0072_0012
723,hcjz_malignant_0074_0005
724,hcjz_malignant_0076_0006
725,hcjz_malignant_0076_0011
726,hcjz_malignant_0076_0012
727,hcjz_malignant_0079_0001
728,hcjz_malignant_0086_0007
729,hcjz_malignant_0096_0002
730,hcjz_malignant_0097_0005
731,hcjz_malignant_0110_0007
732,hcjz_malignant_0120_0008
733,hcjz_malignant_0121_0005
734,hcjz_malignant_0127_0009
735,hcjz_malignant_0132_0004
736,hcjz_malignant_0145_0005
737,hcjz_malignant_0146_0009
738,hcjz_malignant_0146_0022
739,hcjz_malignant_0149_0006
740,hcjz_malignant_0163_0008
741,hcjz_malignant_0164_0002
742,hcjz_malignant_0168_0004
743,hcjz_malignant_0168_0007
744,hcjz_malignant_0170_0002
745,hcjz_malignant_0177_0015
746,hcjz_malignant_0181_0017
747,hcjz_malignant_0184_0010
748,hcjz_malignant_0189_0002
749,hcjz_malignant_0189_0004
750,hcjz_malignant_0194_0015
751,hcjz_malignant_0195_0005
752,hcjz_malignant_0195_0009
753,hcjz_malignant_0199_0013
754,hcjz_malignant_0204_0002
755,hcjz_malignant_0212_0002
756,hcjz_malignant_0217_0004
757,hcjz_malignant_0221_0004
758,hcjz_malignant_0222_0004
759,hcjz_malignant_0222_0006
760,hcjz_malignant_0222_0009
761,hcjz_malignant_0224_0001
762,hcjz_malignant_0232_0011
763,hcjz_malignant_0241_0014
764,hcjz_malignant_0245_0006
765,hcjz_malignant_0245_0013
766,hcjz_malignant_0246_0005
767,hcjz_malignant_0253_0008
768,hcjz_malignant_0268_0004
769,hcjz_malignant_0273_0001
770,hcjz_malignant_0276_0009
771,hcjz_malignant_0301_0022
772,hcjz_malignant_0305_0021
773,hcjz_malignant_0306_0004
774,hcjz_malignant_0314_0022
775,hcjz_malignant_0314_0023
776,hcjz_malignant_0320_0001
777,hcjz_malignant_0323_0004
778,hcjz_malignant_0325_0001
779,hcjz_malignant_0325_0004
780,hcjz_malignant_0329_0006
781,hcjz_malignant_0331_0001
782,hcjz_malignant_0335_0003
783,hcjz_malignant_0338_0007
784,hcjz_malignant_0341_0004
785,hcjz_malignant_0346_0002
786,hcjz_malignant_0348_0005
787,hcjz_malignant_0354_0003
788,hcjz_malignant_0354_0010
789,hcjz_malignant_0355_0004
790,hcjz_malignant_0357_0009
791,hcjz_malignant_0357_0013
792,hcjz_malignant_0360_0002
793,hcjz_malignant_0369_0012
794,hcjz_malignant_0373_0009
795,hcjz_malignant_0375_0005
796,hcjz_malignant_0376_0008
797,hcjz_malignant_0377_0010
798,hcjz_malignant_0378_0005
799,hcjz_malignant_0384_0003
800,hcjz_malignant_0386_0001
801,hcjz_malignant_0395_0007
802,hcjz_malignant_0403_0010
803,hcjz_malignant_0407_0011
804,hcjz_malignant_0408_0005
805,hcjz_malignant_0411_0013
806,hcjz_malignant_0412_0003
807,hcjz_malignant_0419_0009
808,hcjz_malignant_0421_0017
809,hcjz_malignant_0437_0004
810,hcjz_malignant_0438_0009
811,hcjz_malignant_0451_0005
812,hcjz_malignant_0453_0006
813,hcjz_malignant_0467_0010
814,hcjz_malignant_0468_0003
815,hcjz_malignant_0481_0002
816,hcjz_malignant_0489_0002
817,hcjz_malignant_0489_0007
818,hcjz_malignant_0493_0006
819,hcjz_malignant_0494_0003
820,hcjz_malignant_0496_0002
821,hcjz_malignant_0498_0003
822,hcjz_malignant_0498_0021
823,hcjz_malignant_0500_0006
824,hcjz_malignant_0500_0008
825,hcjz_malignant_0502_0009
826,hcjz_malignant_0509_0010
827,hcjz_malignant_0509_0023
828,hcjz_malignant_0510_0002
829,hcjz_malignant_0515_0004
830,hcjz_malignant_0519_0009
831,hcjz_malignant_0520_0004
832,hcjz_malignant_0520_0014
833,hcjz_malignant_0525_0001
834,hcjz_malignant_0540_0010
835,hcjz_malignant_0540_0012
836,hcjz_malignant_0543_0003
837,hcjz_malignant_0545_0009
838,hcjz_malignant_0548_0025
839,hcjz_malignant_0551_0003
840,hcjz_malignant_0551_0005
841,hcjz_malignant_0557_0009
842,hcjz_malignant_0560_0004
843,hcjz_malignant_0561_0005
844,hcjz_malignant_0569_0001
845,hcjz_malignant_0573_0001
846,hcjz_malignant_0581_0008
847,hcjz_malignant_0583_0006
848,hcjz_malignant_0585_0004
849,hcjz_malignant_0586_0026
850,hcjz_malignant_0587_0002
851,hcjz_malignant_0599_0009
852,hcjz_malignant_0600_0002
853,hcjz_malignant_0605_0007
854,hcjz_malignant_0605_0015
855,hcjz_malignant_0614_0001
856,hcjz_malignant_0615_0003
857,hcjz_malignant_0620_0024
858,hcjz_malignant_0629_0006
859,hcjz_malignant_0633_0008
860,hcjz_malignant_0633_0025
861,hcjz_malignant_0633_0028
862,hcjz_malignant_0638_0014
863,hcjz_malignant_0648_0001
864,hcjz_malignant_0650_0007
865,hcjz_malignant_0655_0006
866,hcjz_malignant_0655_0008
867,hcjz_malignant_0658_0002
868,hcjz_malignant_0660_0005
869,hcjz_malignant_0662_0002
870,hcjz_malignant_0662_0008
871,hcjz_malignant_0663_0001
872,hcjz_malignant_0675_0010
873,hcjz_malignant_0677_0004
874,hcjz_malignant_0681_0003
875,hcjz_malignant_0681_0010
876,hcjz_malignant_0683_0021
877,hcjz_malignant_0685_0013
878,hcjz_malignant_0699_0018
879,hcjz_malignant_0703_0005
880,hcjz_malignant_0706_0011
881,hcjz_malignant_0709_0007
882,hcjz_malignant_0713_0002
883,hcjz_malignant_0713_0006
884,hcjz_malignant_0714_0010
885,hcjz_malignant_0714_0013
886,hcjz_malignant_0720_0013
887,hcjz_malignant_0726_0019
888,hcjz_malignant_0728_0001
889,hcjz_malignant_0732_0003
890,hcjz_malignant_0733_0010
891,hcjz_malignant_0735_0004
892,hcjz_malignant_0738_0010
893,hcjz_malignant_0740_0015
894,hcjz_malignant_0744_0002
895,hcjz_malignant_0748_0004
896,hcjz_malignant_0752_0003
897,hcjz_malignant_0753_0010
898,hcjz_malignant_0759_0002
899,hcjz_malignant_0759_0018
900,hcjz_malignant_0767_0007
901,hcjz_malignant_0769_0005
902,hcjz_malignant_0771_0006
903,hcjz_malignant_0772_0010
904,hcjz_malignant_0774_0009
905,hcjz_malignant_0783_0005
906,hcjz_malignant_0785_0010
907,hcjz_malignant_0798_0007
908,hcjz_malignant_0801_0005
909,hcjz_malignant_0801_0020
910,hcjz_malignant_0802_0016
911,hcjz_malignant_0803_0009
912,hcjz_malignant_0805_0009
913,hcjz_malignant_0809_0011
914,hcjz_malignant_0811_0001
915,hcjz_malignant_0812_0010
916,hcjz_malignant_0814_0003
917,hcjz_malignant_0816_0010
918,Image08
919,Image20
920,IMG_20220621_2_4
921,IMG_20220730_1
922,IMG_20220730_11_5
923,IMG_20220730_12_5
924,IMG_20220730_18_2
925,IMG_20220730_18_5
926,IMG_20220730_20_3
927,IMG_20220730_29_13
928,IMG_20220730_29_3
929,IMG_20220730_29_6
930,IMG_20220730_35_2
931,IMG_20220730_37_5
932,IMG_20220730_7_1
933,IMG_20220730_8_3
934,IMG_20220730_9_5
935,sec_0006
936,sec_0011
937,sec_0044
938,sec_0062
939,sec_0069
940,sec_0073
941,sec_0076
942,sec_0086
943,thi_0010
944,thi_0025
945,thi_0028
946,thi_0029
947,thi_0036
948,thi_0056
949,thi_0071
950,thi_0075
951,thi_0080
952,thi_0094
953,thi_0096
954,thi_0104
955,thi_0107
956,thi_0109
957,thi_0111
958,thi_0112
959,thi_0125
960,thi_0130
961,thi_0163
962,thi_0166
963,thi_0167
964,thi_0169
965,thi_0176
966,thi_0180
967,thi_0181
968,thi_0191
969,thi_0195
970,thi_0203
971,thi_0204
972,thi_0207
973,thi_0208
974,thi_0233
975,thi_0234
976,thi_0242
977,thi_0251
978,thi_0257
979,thi_0261
980,thi_0277
981,thi_0284
982,thi_0293
983,thi_0295
